{
    "auc": 0.9291518951531285,
    "accuracy": 0.9077739688156585,
    "precision": 0.6702127659574468,
    "recall": 0.4168241965973535,
    "f1": 0.513986013986014,
    "dataset_size": 9043
}